<?xml version="1.0" encoding="ISO-8859-1"?>
<atlas version="1.0">
  <header>
    <name>Cerebellar Atlas in MNI152 space after normalization with FLIRT</name>
    <shortname>Cerebellum_MNI_flirt</shortname>
    <type>Probabalistic</type>
    <images>
      <imagefile>/Cerebellum/Cerebellum-MNIflirt-prob-1mm</imagefile>
      <summaryimagefile>/Cerebellum/Cerebellum-MNIflirt-maxprob-thr25-1mm</summaryimagefile>
    </images>
    <images>
      <imagefile>/Cerebellum/Cerebellum-MNIflirt-prob-2mm</imagefile>
      <summaryimagefile>/Cerebellum/Cerebellum-MNIflirt-maxprob-thr25-2mm</summaryimagefile>
    </images>
  </header>
  <data>
<label index="0" x="96" y="80" z="54">Left I-IV</label>
<label index="1" x="83" y="80" z="55">Right I-IV</label>
<label index="2" x="106" y="75" z="52">Left V</label>
<label index="3" x="77" y="71" z="55">Right V</label>
<label index="4" x="104" y="57" z="50">Left VI</label>
<label index="5" x="89" y="56" z="51">Vermis VI</label>
<label index="6" x="72" y="58" z="49">Right VI</label>
<label index="7" x="132" y="61" z="39">Left Crus I</label>
<label index="8" x="93" y="49" z="47">Vermis Crus I</label>
<label index="9" x="48" y="60" z="40">Right Crus I</label>
<label index="10" x="107" y="45" z="31">Left Crus II</label>
<label index="11" x="89" y="51" z="42">Vermis Crus II</label>
<label index="12" x="73" y="45" z="33">Right Crus II</label>
<label index="13" x="124" y="62" z="18">Left VIIb</label>
<label index="14" x="88" y="58" z="42">Vermis VIIb</label>
<label index="15" x="65" y="55" z="20">Right VIIb</label>
<label index="16" x="115" y="66" z="17">Left VIIIa</label>
<label index="17" x="88" y="56" z="32">Vermis VIIIa</label>
<label index="18" x="63" y="66" z="16">Right VIIIa</label>
<label index="19" x="108" y="72" z="16">Left VIIIb</label>
<label index="20" x="89" y="62" z="31">Vermis VIIIb</label>
<label index="21" x="70" y="73" z="17">Right VIIIb</label>
<label index="22" x="97" y="72" z="22">Left IX</label>
<label index="23" x="89" y="69" z="35">Vermis IX</label>
<label index="24" x="82" y="71" z="24">Right IX</label>
<label index="25" x="114" y="89" z="27">Left X</label>
<label index="26" x="89" y="77" z="35">Vermis X</label>
<label index="27" x="66" y="89" z="26">Right X</label>
  </data>
</atlas>
